outer_cv,model,R2_mean,R2_std,RMSE_mean,RMSE_std,MAE_mean,MAE_std,SpearmanR_mean
leave_one_day_out,RandomForest,-1.2789687333063011,1.7630567890719653,4.900627991674673,2.3951412209989775,3.914928571032214,1.913255182359861,0.28859373369334634
leave_one_day_out,GPR,-1.6202479863775168,2.585179760372902,4.907401309725495,2.091859907491986,3.8829711299719523,1.7653004155488068,0.28513527850882137
leave_one_day_out,Ridge,-1.2991771097288953,1.9907914628802925,4.922925266375343,2.615078034361316,4.052997995612829,1.9246930809396336,0.07593748075238207
leave_one_day_out,ElasticNet,-1.3062697010948467,1.892862756969235,4.993302556205895,2.6727854955374295,4.15956526500299,2.064449754053865,0.09030439081062533
leave_one_day_out,SVR_RBF,-1.5729697993671443,2.457137712664671,5.03987114452822,2.3870747320197467,3.987638337238053,1.8248992943397953,0.21215386000555142
leave_one_day_out,HistGB,-2.257847223269026,3.0248123029246363,5.519566086018336,2.221977813783728,4.497237250882221,1.7474330526490554,-0.005340363713736017
leave_one_day_out,PLSR,-2.237685872045823,3.189382708375222,5.535084394057722,2.5236241401858037,4.479742192452637,1.9605450332278407,0.178772890697337
